{"count":1,"self":323.937024,"total":868.7456076,"children":{"InitializeActuators":{"count":20,"self":0.0015119999999999999,"total":0.0015119999999999999,"children":null},"InitializeSensors":{"count":20,"self":0.0025069999999999997,"total":0.0025069999999999997,"children":null},"AgentSendState":{"count":48745,"self":0.3286659,"total":116.27190399999999,"children":{"CollectObservations":{"count":24380,"self":0.0115163,"total":0.0115163,"children":null},"WriteActionMask":{"count":24380,"self":0.024378399999999998,"total":0.024378399999999998,"children":null},"RequestDecision":{"count":24380,"self":0.0921241,"total":115.90734339999999,"children":{"AgentInfo.ToProto":{"count":24380,"self":0.241064,"total":115.8152193,"children":{"GenerateSensorData":{"count":24380,"self":13.2469808,"total":115.5741553,"children":{"CameraSensor.WriteToTensor":{"count":24380,"self":102.32717439999999,"total":102.3271747,"children":null}}}}}}}}},"DecideAction":{"count":48745,"self":426.7844096,"total":426.7844209,"children":null},"AgentAct":{"count":48745,"self":0.3962598,"total":0.49423239999999996,"children":{"AgentInfo.ToProto":{"count":33,"self":0,"total":0.097972599999999993,"children":{"GenerateSensorData":{"count":33,"self":0.0142461,"total":0.097972599999999993,"children":{"CameraSensor.WriteToTensor":{"count":33,"self":0.0837265,"total":0.0837265,"children":null}}}}}}},"AgentInfo.ToProto":{"count":73,"self":0.0019998999999999998,"total":1.2540061,"children":{"GenerateSensorData":{"count":73,"self":0.0255367,"total":1.2520061999999998,"children":{"CameraSensor.WriteToTensor":{"count":73,"self":1.2264694999999999,"total":1.2264694999999999,"children":null}}}}}},"gauges":{"optimalBC.CumulativeReward":{"count":106,"max":2.996,"min":-1,"runningAverage":1.29673636,"value":2.992,"weightedAverage":2.41071987}},"metadata":{"timer_format_version":"0.1.0","start_time_seconds":"1658016932","unity_version":"2021.2.19f1","command_line_arguments":"C:\\Program Files\\Unity\\Hub\\Editor\\2021.2.19f1\\Editor\\Unity.exe -projectpath C:\\Users\\janni\\Workspace\\GitLab\\Sim2Real\\sp-sim2real\\SP-Sim2Real -useHub -hubIPC -cloudEnvironment production -licensingIpc LicenseClient-janni -hubSessionId 9353cdf0-0557-11ed-92f8-159f885b5b56 -accessToken 8_ktdriYcfUAg512cVkTI96cYYj-sVT2jmvKoOVLm5g007f","communication_protocol_version":"1.5.0","com.unity.ml-agents_version":"2.3.0-exp.2","scene_name":"Demonstration","end_time_seconds":"1658017801"}}