{
    "name": "root",
    "gauges": {
        "bachelor.Policy.Entropy.mean": {
            "value": 1.1964856386184692,
            "min": 1.1964855194091797,
            "max": 1.1964856386184692,
            "count": 2
        },
        "bachelor.Policy.Entropy.sum": {
            "value": 12168.2587890625,
            "min": 2078.29541015625,
            "max": 12168.2587890625,
            "count": 2
        },
        "bachelor.Environment.LessonNumber.levelDifficulty.mean": {
            "value": 11.0,
            "min": 11.0,
            "max": 11.0,
            "count": 2
        },
        "bachelor.Environment.LessonNumber.levelDifficulty.sum": {
            "value": 11.0,
            "min": 11.0,
            "max": 11.0,
            "count": 2
        },
        "bachelor.Step.mean": {
            "value": 32789982.0,
            "min": 32779974.0,
            "max": 32789982.0,
            "count": 2
        },
        "bachelor.Step.sum": {
            "value": 32789982.0,
            "min": 32779974.0,
            "max": 32789982.0,
            "count": 2
        },
        "bachelor.Policy.ExtrinsicValueEstimate.mean": {
            "value": 1.6265531778335571,
            "min": 1.6265531778335571,
            "max": 2.0229241847991943,
            "count": 2
        },
        "bachelor.Policy.ExtrinsicValueEstimate.sum": {
            "value": 266.7547302246094,
            "min": 40.4584846496582,
            "max": 266.7547302246094,
            "count": 2
        },
        "bachelor.Custom.Targetcollected.mean": {
            "value": 2.52,
            "min": 1.4545454545454546,
            "max": 2.52,
            "count": 2
        },
        "bachelor.Custom.Targetcollected.sum": {
            "value": 126.0,
            "min": 16.0,
            "max": 126.0,
            "count": 2
        },
        "bachelor.Custom.Batterycapacityaftercollection.mean": {
            "value": 72.52832330703735,
            "min": 72.52832330703735,
            "max": 82.10935939442028,
            "count": 2
        },
        "bachelor.Custom.Batterycapacityaftercollection.sum": {
            "value": 3626.4161653518677,
            "min": 903.202953338623,
            "max": 3626.4161653518677,
            "count": 2
        },
        "bachelor.Custom.Maximalenergycollected.mean": {
            "value": 1.763157894736842,
            "min": 1.4545454545454546,
            "max": 1.763157894736842,
            "count": 2
        },
        "bachelor.Custom.Maximalenergycollected.sum": {
            "value": 134.0,
            "min": 16.0,
            "max": 134.0,
            "count": 2
        },
        "bachelor.Custom.Distancebetweentargetanddroparea.mean": {
            "value": 0.43433818534800883,
            "min": 0.0,
            "max": 0.43433818534800883,
            "count": 2
        },
        "bachelor.Custom.Distancebetweentargetanddroparea.sum": {
            "value": 33.00970208644867,
            "min": 0.0,
            "max": 33.00970208644867,
            "count": 2
        },
        "bachelor.IsTraining.mean": {
            "value": 1.0,
            "min": 1.0,
            "max": 1.0,
            "count": 2
        },
        "bachelor.IsTraining.sum": {
            "value": 1.0,
            "min": 1.0,
            "max": 1.0,
            "count": 2
        },
        "bachelor.Environment.EpisodeLength.mean": {
            "value": 279.57142857142856,
            "min": 279.57142857142856,
            "max": 279.57142857142856,
            "count": 1
        },
        "bachelor.Environment.EpisodeLength.sum": {
            "value": 3914.0,
            "min": 3914.0,
            "max": 3914.0,
            "count": 1
        },
        "bachelor.Custom.Failure.Robottouchedboundary.mean": {
            "value": 2.3076923076923075,
            "min": 2.3076923076923075,
            "max": 2.3076923076923075,
            "count": 1
        },
        "bachelor.Custom.Failure.Robottouchedboundary.sum": {
            "value": 60.0,
            "min": 60.0,
            "max": 60.0,
            "count": 1
        },
        "bachelor.Environment.CumulativeReward.mean": {
            "value": 8.199725581066948,
            "min": 8.199725581066948,
            "max": 8.199725581066948,
            "count": 1
        },
        "bachelor.Environment.CumulativeReward.sum": {
            "value": 114.79615813493729,
            "min": 114.79615813493729,
            "max": 114.79615813493729,
            "count": 1
        },
        "bachelor.Policy.ExtrinsicReward.mean": {
            "value": 8.199725581066948,
            "min": 8.199725581066948,
            "max": 8.199725581066948,
            "count": 1
        },
        "bachelor.Policy.ExtrinsicReward.sum": {
            "value": 114.79615813493729,
            "min": 114.79615813493729,
            "max": 114.79615813493729,
            "count": 1
        }
    },
    "metadata": {
        "timer_format_version": "0.1.0",
        "start_time_seconds": "1722857864",
        "python_version": "3.8.13 (default, Oct 19 2022, 22:38:03) [MSC v.1916 64 bit (AMD64)]",
        "command_line_arguments": "\\\\?\\C:\\Users\\davut\\.conda\\envs\\unityrl\\Scripts\\mlagents-learn config\\bachelor.yaml --run-id=Abstract1 --seed=3 --resume",
        "mlagents_version": "0.30.0",
        "mlagents_envs_version": "0.30.0",
        "communication_protocol_version": "1.5.0",
        "pytorch_version": "2.3.0+cu121",
        "numpy_version": "1.21.2",
        "end_time_seconds": "1722858013"
    },
    "total": 148.7699166,
    "count": 1,
    "self": 0.03130200000001082,
    "children": {
        "run_training.setup": {
            "total": 0.2155693999999997,
            "count": 1,
            "self": 0.2155693999999997
        },
        "TrainerController.start_learning": {
            "total": 148.52304519999998,
            "count": 1,
            "self": 0.09807230000026834,
            "children": {
                "TrainerController._reset_env": {
                    "total": 45.099858,
                    "count": 1,
                    "self": 45.099858
                },
                "TrainerController.advance": {
                    "total": 102.8873625999997,
                    "count": 1943,
                    "self": 0.07419169999943165,
                    "children": {
                        "env_step": {
                            "total": 102.81317090000027,
                            "count": 1943,
                            "self": 95.43411319999998,
                            "children": {
                                "SubprocessEnvManager._take_step": {
                                    "total": 7.337234600000784,
                                    "count": 1944,
                                    "self": 0.2375372000008653,
                                    "children": {
                                        "TorchPolicy.evaluate": {
                                            "total": 7.0996973999999184,
                                            "count": 1924,
                                            "self": 7.0996973999999184
                                        }
                                    }
                                },
                                "workers": {
                                    "total": 0.04182309999950462,
                                    "count": 1943,
                                    "self": 0.0,
                                    "children": {
                                        "worker_root": {
                                            "total": 82.13930619999984,
                                            "count": 1943,
                                            "is_parallel": true,
                                            "self": 16.03953339999991,