{
    "name": "root",
    "gauges": {
        "bachelor.Policy.Entropy.mean": {
            "value": 1.132116436958313,
            "min": 1.132116436958313,
            "max": 1.425097107887268,
            "count": 5000
        },
        "bachelor.Policy.Entropy.sum": {
            "value": 11381.166015625,
            "min": 9903.8642578125,
            "max": 15854.08984375,
            "count": 5000
        },
        "bachelor.Environment.LessonNumber.levelDifficulty.mean": {
            "value": 9.0,
            "min": 0.0,
            "max": 9.0,
            "count": 5000
        },
        "bachelor.Environment.LessonNumber.levelDifficulty.sum": {
            "value": 9.0,
            "min": 0.0,
            "max": 9.0,
            "count": 5000
        },
        "bachelor.Step.mean": {
            "value": 49999995.0,
            "min": 9954.0,
            "max": 49999995.0,
            "count": 5000
        },
        "bachelor.Step.sum": {
            "value": 49999995.0,
            "min": 9954.0,
            "max": 49999995.0,
            "count": 5000
        },
        "bachelor.Policy.ExtrinsicValueEstimate.mean": {
            "value": 1.0797895193099976,
            "min": -0.4660288095474243,
            "max": 1.5911887884140015,
            "count": 5000
        },
        "bachelor.Policy.ExtrinsicValueEstimate.sum": {
            "value": 179.24505615234375,
            "min": -75.0306396484375,
            "max": 256.181396484375,
            "count": 5000
        },
        "bachelor.Environment.EpisodeLength.mean": {
            "value": 554.4090909090909,
            "min": 202.6904761904762,
            "max": 1095.1,
            "count": 5000
        },
        "bachelor.Environment.EpisodeLength.sum": {
            "value": 12197.0,
            "min": 4588.0,
            "max": 15880.0,
            "count": 5000
        },
        "bachelor.Custom.Failure.Robottouchedboundary.mean": {
            "value": 7360.04347826087,
            "min": 1.0,
            "max": 7430.363636363636,
            "count": 4996
        },
        "bachelor.Custom.Failure.Robottouchedboundary.sum": {
            "value": 169281.0,
            "min": 1.0,
            "max": 294969.0,
            "count": 4996
        },
        "bachelor.Custom.Maximalenergycollected.mean": {
            "value": 1.9692307692307693,
            "min": 0.043478260869565216,
            "max": 3.9166666666666665,
            "count": 5000
        },
        "bachelor.Custom.Maximalenergycollected.sum": {
            "value": 128.0,
            "min": 1.0,
            "max": 212.0,
            "count": 5000
        },
        "bachelor.Custom.Distancebetweentargetanddroparea.mean": {
            "value": 0.5973549283467806,
            "min": 0.15415654772961582,
            "max": 1.1160423024134203,
            "count": 5000
        },
        "bachelor.Custom.Distancebetweentargetanddroparea.sum": {
            "value": 38.82807034254074,
            "min": 7.63324910402298,
            "max": 55.69606217741966,
            "count": 5000
        },
        "bachelor.Environment.CumulativeReward.mean": {
            "value": 6.546285571022467,
            "min": -1.0814537541432814,
            "max": 18.59542735517025,
            "count": 5000
        },
        "bachelor.Environment.CumulativeReward.sum": {
            "value": 144.01828256249428,
            "min": -28.589977622032166,
            "max": 236.47034786641598,
            "count": 5000
        },
        "bachelor.Policy.ExtrinsicReward.mean": {
            "value": 6.546285571022467,
            "min": -1.0814537541432814,
            "max": 18.59542735517025,
            "count": 5000
        },
        "bachelor.Policy.ExtrinsicReward.sum": {
            "value": 144.01828256249428,
            "min": -28.589977622032166,
            "max": 236.47034786641598,
            "count": 5000
        },
        "bachelor.Custom.Targetcollected.mean": {
            "value": 11086.742857142857,
            "min": 1.0,
            "max": 11104.6875,
            "count": 4996
        },
        "bachelor.Custom.Targetcollected.sum": {
            "value": 388036.0,
            "min": 1.0,
            "max": 552564.0,
            "count": 4996
        },
        "bachelor.Custom.Batterycapacityaftercollection.mean": {
            "value": 72.42318543025425,
            "min": 14.000386327505112,
            "max": 96.00006103515625,
            "count": 4996
        },
        "bachelor.Custom.Batterycapacityaftercollection.sum": {
            "value": 2534.811490058899,
            "min": 19.20037841796875,
            "max": 3646.0169982910156,
            "count": 4996
        },
        "bachelor.Custom.Failure.Battery.mean": {
            "value": 5570.285714285715,
            "min": 1.4285714285714286,
            "max": 5591.5,
            "count": 5000
        },
        "bachelor.Custom.Failure.Battery.sum": {
            "value": 38992.0,
            "min": 20.0,
            "max": 82182.0,
            "count": 5000
        },
        "bachelor.IsTraining.mean": {
            "value": 1.0,
            "min": 1.0,
            "max": 1.0,
            "count": 5000
        },
        "bachelor.IsTraining.sum": {
            "value": 1.0,
            "min": 1.0,
            "max": 1.0,
            "count": 5000
        },
        "bachelor.Losses.PolicyLoss.mean": {
            "value": 0.04333487125566333,
            "min": 0.02586989557474024,
            "max": 0.06570573598825528,
            "count": 2553
        },
        "bachelor.Losses.PolicyLoss.sum": {
            "value": 0.04333487125566333,
            "min": 0.02586989557474024,
            "max": 0.06570573598825528,
            "count": 2553
        },
        "bachelor.Losses.ValueLoss.mean": {
            "value": 0.1621749930911594,
            "min": 0.027743432955402467,
            "max": 0.30993489796916646,
            "count": 2553
        },
        "bachelor.Losses.ValueLoss.sum": {
            "value": 0.1621749930911594,
            "min": 0.027743432955402467,
            "max": 0.30993489796916646,
            "count": 2553
        },
        "bachelor.Policy.LearningRate.mean": {
            "value": 4.502785324000705e-09,
            "min": 4.502785324000705e-09,
            "max": 2.9987867440441995e-05,
            "count": 2553
        },
        "bachelor.Policy.LearningRate.sum": {
            "value": 4.502785324000705e-09,
            "min": 4.502785324000705e-09,
            "max": 2.9987867440441995e-05,
            "count": 2553
        },
        "bachelor.Policy.Epsilon.mean": {
            "value": 0.10001467599999998,
            "min": 0.10001467599999998,
            "max": 0.19995955799999998,
            "count": 2553
        },
        "bachelor.Policy.Epsilon.sum": {
            "value": 0.10001467599999998,
            "min": 0.10001467599999998,
            "max": 0.19995955799999998,
            "count": 2553
        },
        "bachelor.Policy.Beta.mean": {
            "value": 1.0732332400000116e-05,
            "min": 1.0732332400000116e-05,
            "max": 0.0049979819442000015,
            "count": 2553
        },
        "bachelor.Policy.Beta.sum": {
            "value": 1.0732332400000116e-05,
            "min": 1.0732332400000116e-05,
            "max": 0.0049979819442000015,
            "count": 2553
        }
    },
    "metadata": {
        "timer_format_version": "0.1.0",
        "start_time_seconds": "1722644404",
        "python_version": "3.8.13 (default, Oct 19 2022, 22:38:03) [MSC v.1916 64 bit (AMD64)]",
        "command_line_arguments": "\\\\?\\C:\\Users\\davut\\.conda\\envs\\unityrl\\Scripts\\mlagents-learn config\\bachelor.yaml --run-id=HalfAbstract1 --seed=3",
        "mlagents_version": "0.30.0",
        "mlagents_envs_version": "0.30.0",
        "communication_protocol_version": "1.5.0",
        "pytorch_version": "2.3.0+cu121",